text,label,notes
"One of the best athletes in any sport",hot_take,
"For sure. He is a perfect combination of size, speed, explosiveness, and basketball IQ! The only thing I can think of was that he was not a great shooter early on. He only developed his 3 late in his career.",structured_analysis,"Edge case (hot_take vs structured_analysis): opens with unsupported praise (""perfect combination"") but pivots to a specific, checkable developmental claim (weak early shooter, developed the 3 late) — the load-bearing content is the concrete observation, so structured_analysis"
"What is 'late' in this man's timeline?",emotional_reaction,
"This fuckery can't go on for much longer",emotional_reaction,
"The fuckery will continue until entropy consumes us all",emotional_reaction,
"I mean surely, fathertime will eventually win, right? right?!",emotional_reaction,
"Yes, but we're only reaching the halfway point in his career",emotional_reaction,
"Don't disagree on the 3 pt shot. But to be fair tho, it was less of a focus when he was starting out.",structured_analysis,"Edge case: thin, but it advances a reasoned point (the early shooting was a stylistic-era choice, not a flaw) rather than pure venting"
"If we're talking pure freakish athleticism he's the best of all time in any sport in my opinion. The blend of size, speed, explosiveness and strength is something you just don't see anywhere. Wilt could definitely be in the mix but I don't know how much of what you hear about him is fact or fable.",hot_take,"Edge case (hot_take vs structured_analysis): names a comparison (Wilt) but the support is generic adjectives, not load-bearing evidence — per the decision rule it stays hot_take"
"I frequently say that LeBron is the most physically gifted human being that has ever lived.",hot_take,
"Hard to argue against that, especially when you add in lack of major injuries and longevity. The dude is literally a 1 of 1 athlete.",hot_take,
"I think LeBron's greatness has come in three distinct parts. First, his extraordinary athleticism, which in his prime almost no one could match. Later, his understanding of the game, with a mastery of in-game tactics and series-wide strategy that again very few have equaled. And last, his incredible longevity to still play at an all-star level into his 40s, which no one has ever done before. Any one of these three would have made for a great career, and any two would lock up a Hall of Fame selection.",structured_analysis,
"he was known as a basketball mind in high school already, and he knew he had that intellectual capability.",structured_analysis,
"Wilt coming back from the Achilles injury in the same season is pure absurdity to me.",emotional_reaction,
"Honestly his injury resistance while being that athletic and explosive might be the most incredible part.",hot_take,
"Of all time. Proven by the fact that even now he's still often physically dominant - barely any players who are both faster and stronger than him. He's obviously declined, but his athleticism has been falling from such a high peak that he still has advantages",structured_analysis,
"Best at the chase down block ever",hot_take,
"The JRich 360 block is so funny (and incredible). I forgot all about that one.",emotional_reaction,
"I'm surprised I've never seen that one. That was filthy.",emotional_reaction,
"That shit ran on sportscenter daily for so long. Such a sick block",emotional_reaction,
"I remember watching that game with a bunch of friends, mostly Suns fans, when DVR was pretty new. We must have re-watched it two dozen times.",emotional_reaction,
"that's my favorite because JRich was showboating",emotional_reaction,
"And he even does the ""aw, c'mon man!"" while laying on the ground afterwards.",emotional_reaction,
"I think he was begging for a foul to make him look less bad",hot_take,
"How wild is it that the NBA's all time leading scorer is actually a better passer than scorer and his undisputed signature move is neither lmfao built in a lab",emotional_reaction,"Edge case (emotional_reaction vs structured_analysis): states real facts but the framing (""how wild lmfao built in a lab"") is marveling, not an argued claim — primary content is awe"
"Right ""blocked by James"" is his greatest play in his career lmao",hot_take,
"I agree but to me his signature move will always be the fastbreak straight arm single hand dunk.",emotional_reaction,
"with no regard for human life",emotional_reaction,
"He's been around so long he has multiple for me. I think of his tomahawk dunk like you said, his post-fade turnaround that destroyed the Raptors and also what he broke the scoring record with, the chasedown block, and the LeFuckYou 3. Specifically the funny ass move where he looks down at the ball then quickly looks up and pulls it.",emotional_reaction,
"Totally agreed. You could even throw in the no look rocket pass off the dribble and the and-1 finish with a guy draped all over him",emotional_reaction,
"So let me get this straight a 6,9 forward with elite speed and power combined with a computer-made brain for bball wasnt created in a lab? Oh i forgot, he never suffered any type of long lasting injuries. Watching this man play at 42 is a blessing.",emotional_reaction,
"Removing the whole GOAT conversation, from a purely physical standpoint, LeBron's career is bonkers. The only other person with similar longevity and who started off supremely athletic was Vince Carter and the end of his career he was largely a 3-point shooter off the bench. LeBron is still arguably the most explosive guy on the Lakers",structured_analysis,
"Lebron was arguably the best and most explosive guy on either team in the playoff round that he just got bounced from. Which included the reigning champion, 2x mvp and finals MVP.",structured_analysis,
"Which tells me if he were to physically decline to the point of other players in the last seasons of their career I think he could legit play to his late 40s.",hot_take,
"He won't tho. He's got another 20 years in the tank, easy.",emotional_reaction,
"I think he wants to play with Bronny III and then retire",emotional_reaction,
"And mind you, LeBron is still explosive despite the Solomon Hill injury. If it wasn't for that, he would probably still be posterizing players consistently.",structured_analysis,
"God, I forgot about that. Fuck Solomon Hill.",emotional_reaction,
"Surely this fuckery can't go on for much longer.",emotional_reaction,
"You can easily make 2, maybe even 3 first ballot HoF careers out of LeBrons full career, depending on how you divide it. It's actually fucking nuts to think about",hot_take,
"He led the league in fastbreak points in regular season at 41, unreal guy.",structured_analysis,"Edge case (structured_analysis vs emotional_reaction): anchored by a specific verifiable stat (led league in fastbreak points at 41) that supports the implicit point about sustained athleticism; the stat is load-bearing, not decoration"
"6'9, 250 lbs as heavy as a center, as fast as a point guard. He was a monster",structured_analysis,
"Lebron actually said that the Solomon Hill ankle injury he suffered in 2021 has permanently damaged his ankle and it's ""never been the same"". Which is to say that it makes his play all the more impressive since he is still a plus player.",structured_analysis,
"The lack of injuries is almost the most amazing part. Being that big, you're usually prone to injuries. He played 82 games + playoffs every year for 20+ years without ever being seriously injured. That's unheard of.",structured_analysis,
"A big part of it is how coordinated and controlled he was. Lebron basically has perfect jumping and landing mechanics. Watch how he lands on all of these chase down blocks and dunks in traffic. His feet are almost always shoulder width apart and his knees are slightly bent. If he does land on one leg, it's never at a weird angle or with a straight leg. He also basically never lands on a foot. Compare that to someone like Rose or Ja Morant, and it's easy to see why they weren't durable and Lebron was.",structured_analysis,
"He's still so athletic is makes people forget how much less athletic he is than his prime",hot_take,
"imagine being there for this in real time",emotional_reaction,
"As a guy from Northern Ohio, there are plenty of people who watched LeBron in high school as an NBA-caliber player. It was madness.",emotional_reaction,
"Saw him play a local high school at the Schott in Columbus way back during his senior year. I've never seen an 18 year old move like he did. It looked like what I imagine Usain Bolt racing middle schoolers would look.",emotional_reaction,
"His otherworldly longevity has made many casuals forget what his play style looked like at this point in his career.",hot_take,
"This happens to a lot of greats who have a long career. The public memory focuses more on the end of their careers than the beginning.",structured_analysis,
"Ronaldo dealing with the same thing right now",emotional_reaction,
"People have been saying LeBron hasn't lost a step, as a compliment, for a decade, but that is a disservice to Lebron's younger self.",structured_analysis,
"I only started watching him closely the last 10 years, and kind of took him for granted as an overhyped opponent the first 10. It's hilarious seeing these clips again because so many of the trademark moves are there but his strides are so much longer and faster it's dizzying.",emotional_reaction,
"He just made everyone look so slow in the first decade of his career.",emotional_reaction,
"the most athletic player ever",hot_take,
"You can have your GOAT debates but I really don't think it's arguable that he's the best pure athlete to ever play in the NBA.",hot_take,
"If you were building a basketball player from a physical talent standpoint, you'd build LeBron.",hot_take,
"The most video game player to ever be real.",emotional_reaction,
"He's so good that despite being the all-time leading scorer in NBA history, his 'signature' move has to be the chase down block.",emotional_reaction,
"Maybe it's just me, but LeBron's signature move to me has always been his tomahawk dunk. Even just as a Cav, so many calls of the L Train or the Akron Hammer are iconic",emotional_reaction,
"Same - that dunk is a thing of beauty",emotional_reaction,
"All time leading scorer and his best quality might be his passing",hot_take,
"The fact you could argue his signature move is either a chase down block, tomahawk slam or step-back le-fuck you 3, is mental.",emotional_reaction,
"The documentary will be 100 hours long and still not be enough",emotional_reaction,
"They can do an 20-part series on his 2016 playoff run alone lmao",emotional_reaction,
"and I would watch it repeatedly. I still randomly watch highlights of his 07 detroit series, the moment all of us cleveland fans knew it was for real for real. the 16 highlights are nice but they can't match the excitement from the early days.",emotional_reaction,
"Jay Rich was mad as hell on that blocked dunk.",emotional_reaction,
"Imagine trying to do a 360 in the middle of a NBA fast break and then getting mad when your shit gets stuffed",emotional_reaction,
"Attempting that when it's a 2pt 4Q game sure is something",emotional_reaction,
"In the replays he clearly got fouled but IDC you have to be extremely stupid to try that shit and deserve to get hacked w no call",hot_take,
"Lmao the hype he must've felt expecting to get a highlight 360 dunk and then immediately getting blocked and crashing to the hardwood. Dude must've been as embarrassed as he was pissed",emotional_reaction,
"legit would float yet still body people regularly, i wish i was into basketball heavy during this time smh",emotional_reaction,
"I was into basketball then. My regret is that I wish I didn't hate him. I stopped hating him after what he did in 2016. I was late. I had no real reason to hate him.",emotional_reaction,
"The East remembers. I've never hated a player more than I hated LeBron, genuinely fuck him, I had plenty of reason. Having said that 2016 was the turning point for me too, and I think most other Lebron haters. Thats when it went from hate to admiration. It was like a weight was lifted off my shoulders and I realised there was nothing we could've done against him. At that point you just have to give the credit that was long overdue",emotional_reaction,
"This reads like Paul and DeMar talking about Bron on that podcast clip",emotional_reaction,
"Same! I think a common reason was being a fan of one of the other MVP caliber players and not accepting that LeBron was the one. Kinda like how MJ was treated by some fans and players in the late 80s. I was a huge Kobe fan and I regret not appreciating this era of LeBron's career more",emotional_reaction,
"some so called fans have this hilarious take that LeBron would fail in a physical era",hot_take,
"The thing is, I'm not sure if people appreciated him enough. Idiots and literal NBA legends calling him a choke artist in public when he played with a bunch of scrubs",hot_take,
"Young Bron still the alien among aliens for me.",emotional_reaction,
"People say that Miami Lebron was the most athletic version of him but don't remember his first stint with Cleveland. He was genuinely the strongest guy out there while moving lightening quick. I've never seen anything like that since.",structured_analysis,
"He was just more muscular in Miami. First stint in cleveland Bron was fast af with bounce",structured_analysis,
"2012 LeBron was a legit 260 lbs. I don't know how anyone would want to stand in front and guard that",structured_analysis,
"he was genuinely 270+ for most of the second half of his heat stint, windhorst reported it years later",structured_analysis,
"Yeah. When he came out with the defined shoulders and arms. That man was walking around at 275+ fully clothed. He's not just tall, he is long and wide and just physically big in a way wemby isn't. He didn't like playing that way, but there was a reason he could go down into the post and bang with Timmy D. Mofo was a twin car nuclear powered locomotive.",structured_analysis,
"I said young shaq was the closest freak athlete to LeBron I've ever seen live, and the amount of comments and downvotes saying shaq was a bigger freak is staggering. I'm not a nephew, I've watched both in their athletic prime, and LeBron is on a different level.",hot_take,
"shaq was/is lazy af. he would've had double digit championships if his ego wasn't bigger than his height.",hot_take,
"That is actually terrifying",emotional_reaction,
"It was him and pretty much corpses on those Cleveland teams and he still willed them into the playoffs",hot_take,
"LeCromancer",emotional_reaction,
"He doesn't even make a movie sometimes. He just goes right and that's it",emotional_reaction,
"Imagine this guy also being the smartest guy on the court 9/10 times lol. All time draft, LeBron is still one. Over, Kareem, Jordan, Shaq whoever.",hot_take,
"Are zoomers going to be saying LeBron played with plumbers because they can't name anyone on these highlights",emotional_reaction,
"Most of these plays would be your average player's career highlight. It's not comprehensible how good LeBron was. Can hardly be put into words.",emotional_reaction,
"Still have his rookie bobblehead from my first NBA game",emotional_reaction,
"Always crazy to think that his career tape includes highlights against both fathers and their sons",emotional_reaction,
"Never seen a talent like him before or after.",emotional_reaction,
"Some of these clips don't even make sense..absolutely mind blowing",emotional_reaction,
"Jason Richardson going for the 360 on the breakaway always cracks me up",emotional_reaction,
"And people still think he wouldn't survive the 80s…",hot_take,
"He was an infant",emotional_reaction,
"Every few years we have some advanced metrics battle about the current MVP and how they are the most dominant player of all time or most efficient player of all time but unless you saw prime LeBron you don't know. Dude is the most dominant force I have ever seen on a court. If he wanted to score it was going in the basket. He single handedly turned the cavaliers from a lottery team to a ECF squad. Like actually when he left they went from the finals to last place in the league. SGA, Jokic, Giannis they just never hit that.",structured_analysis,
"I miss Fred McLeod. This needs to be stickied to the top of r_NBATalk so I can stop seeing posts like do you think prime LeBron could dunk on Wemby? The answer is an emphatic yes.",emotional_reaction,
"Man those blue Cavs jerseys were gorgeous",emotional_reaction,
"In 2009 he was listed at 6'9 250. That's the average weight of an NFL linebacker. Was still the fastest, highest flying player on the floor and did it for 39 minutes a night. Honestly what's even more impressive is that his wasn't even his peak.",structured_analysis,
"The most athletic human I've ever seen and it's not close. Like if you were rating humans 1-10 on overall athleticism and you got to LeBron you either call him a 13 or have to reorder everyone that came before. There are faster guys, quicker guys, stronger guys, bigger guys, guys with higher verts but he was like 95% of what they were all in ONE GUY. Ridiculous.",structured_analysis,"Edge case (emotional_reaction vs structured_analysis): heavy awe framing, but it articulates a genuine analytical model (95% of every elite trait combined in one player) that supports the claim, tipping it to structured_analysis"
"I'm going to sound like Jordan Stans but f it. Prime LeBron averages a 30 triple double if he plays in the live ball era we're in now.",hot_take,
"He averaged 30.3 at 37 years old. Prime LeBron is probably averaging 34-35 in this era.",structured_analysis,"Edge case (structured_analysis vs hot_take): the conclusion is a speculative projection, but it is explicitly anchored to and reasoned from a specific real stat (30.3 PPG at age 37), so the evidence is load-bearing"
"Yo don't see em like that anymore",emotional_reaction,
"Old heads on the internet will tell you this physical freak would've struggled in the more physical game of the 80s / 90s lmao",hot_take,
"My flabbers are forever gasted",emotional_reaction,
"He's the greatest pure athlete this sport has ever seen",hot_take,
"Sad you nephews will never know",emotional_reaction,
"The best to ever do it",hot_take,
"With the amount of space nowadays, I'd have loved to see him in today's league.",emotional_reaction,
"Once he built up speed it was a wrap",emotional_reaction,
"His chase down blocks was a thing of beauty. I never seen any other player be able to consistently time it like LeBron did.",emotional_reaction,
"I have witnessed",emotional_reaction,
"He could've played any sport",hot_take,
"White Headband LeBron was a menace",emotional_reaction,
"98% of the players in this video have retired btw",emotional_reaction,
"The speed was incomprehensible for somebody his size",emotional_reaction,
"Lived up to the hype and more.",emotional_reaction,
"you could make a full tv series just of lebron highlights",emotional_reaction,
"Every time I see this I always think: how much of a fucking MORON do you have to be to attempt a 360 dunk in front of LeBron James?!?!? Lol",emotional_reaction,
"Dennis Rodman thinking he could lock this guy up is so delusional",hot_take,
"That Knicks block/assist is so good.",emotional_reaction,
"So many dudes thought they had open layups only to be denied from behind in the last second. Those chase down blocks were a thing of beauty.",emotional_reaction,
"Crazy that in half the clips, he looks like a Shaq esc dominant big, and in the other half he looks like a Jordan esc finesse forward",emotional_reaction,
"The force and speed first stint Cavs and Miami Bron played with was different. Those chase downs were eyebrow raising and on the break, it was either move or youre going on the ESPN top highlights.",emotional_reaction,
"Lebron's combination of size, athleticism and strength was insane. It's why there were so few players throughout his career who could genuinely cause him to work one on one. Guys like Kawhi or Iggy couldn't match his explosiveness but at least they had the length to bother his dribble/shot and the strength where he couldn't just bulldoze him. Young Paul George did ok too.",structured_analysis,
"Can't tell you how many times I watched his dunk on Tim Duncan with the call by Mike Tirico.",emotional_reaction,
"labrawwwn jaaymess",emotional_reaction,
"That block on Jason Richardson is insane. I can't believe he tried a 360 gets blocked and then have the nerve to complain lol",emotional_reaction,
"Its amazong that he never got a major injury despite all of this. Just wow.",emotional_reaction,
"I lived it, it was great. Ray Allen in this shit so many times getting his shit blocked lol",emotional_reaction,
"Greatest athlete I've ever seen.",emotional_reaction,
"LeBron on the fast break, absolutely terrifying",emotional_reaction,
"You can see his teammates just say I'll just give him the ball.",emotional_reaction,
"I remember when I first started watching basketball thanks to LeBron highlights of him dunking over the hawks in '09",emotional_reaction,
"LeBron in those light blue Cavs throwbacks just moves different.",emotional_reaction,
"How the hell have I never seen the 360 dunk block",emotional_reaction,
"I still think 2013 is peak Bron for me, but the level of size, skill, explosion, speed and balance, thats once a generation. Doesn't even include what i think was the most impressive play where he goes full extension back to thor hammer and oop down on the Wizards in the playoffs.",emotional_reaction,
"I miss Fred McLeod",emotional_reaction,
"This man still dominated a playoff series at 41",emotional_reaction,
"What gets me is the handle at that size and speed. He was doing stuff in 2004 that wings couldn't do until a decade later",structured_analysis,
"Dude was fucking quick too.",emotional_reaction,
"Man he's doing this against the best athletes in the world. Some of his drives look so slow, methodical, calculating, like the defense has a chance, and then suddenly his torso is 3 feet above them and they're getting smacked with a basketball.",emotional_reaction,
"1 of 1 of 1 of 1",emotional_reaction,
"Prime Lebron was a menace",emotional_reaction,
"It must be so much fun to be that athletic.",emotional_reaction,
"Sad part is a lot of fans now don't remember this…",emotional_reaction,
"Half of the people here do not remember his first Cleveland stint.",hot_take,
"He was the most electrifying rookie I saw. He is also still the most electrifying 40 year I've ever seen. He was electric in between. What a privilege to watch MJ, Kobe and him in one lifetime. We are lucky.",emotional_reaction,
"What's wild is that at 40+, he's not even that far off these highlights. The stamina is down for sure, but he's still extremely fast on the break and can play well above the rim.",structured_analysis,
"Superman",emotional_reaction,
"I'd argue his Miami days were his peak athletic prime",hot_take,
"He's looking huge in these clips. Was the average height smaller?",emotional_reaction,
"That Cavs Wizards rivalry was fun",emotional_reaction,
"I swear LeBron's chase down block is his most aesthetically pleasing play.",emotional_reaction,
"The GOAT",hot_take,
"This was the era where you still had multiple slow, lumbering bigs on the floor and LeBron would get criticized for being too good of a passer because he was so unguardable going to the basket it really seemed like he could have averaged 40 a game",structured_analysis,
"When a shit organization with a generational talent squanders. Damn shame!",emotional_reaction,
"The original He's just a run and dunk guy",emotional_reaction,
"I never did like LeBron but I will admit and give him credit. Dude was a fucking beast and could fucking ball.",emotional_reaction,
"Raw power.",emotional_reaction,
"Just a absolute freak of nature",emotional_reaction,
"Did that announcer say Lowry? As in, Kyle Lowry? Edit: Holy shit, Kyle Lowry has been in the NBA for 20 years",emotional_reaction,
"I remember being giddy when him and wade teamed up, they were both at their peaks and anything could happen. A full court alley-oop lob seemed plausible",emotional_reaction,
"Witness",emotional_reaction,
"Thank you for posting this; my jaw hit the floor like 5 times in the first minute of the clip. Even 20 years later, I don't think anyone is close to this combination of size, fluidity and athleticism. Who do you all think is the closest in the NBA today?",emotional_reaction,
"Noone. Legitimately noone is as big, as fast, as strong, and as coordinated all together. Some people come close in one or two areas but all of them put together. It's Lebron and just Lebron.",hot_take,
"That second dunk was straight up nasty.",emotional_reaction,
"Goaltend on Roy's shot. I also believe that's the game LeBron's chin was damn near at the rim.",emotional_reaction,
"J rich was mad af after Lebron stopped his 360 dunk",emotional_reaction,
"his acceleration is otherworldly. it's like a car going from 0 to 60. insane",emotional_reaction,
"Nah that second clip were he doubled clutch",emotional_reaction,
"Damn dude. Also, all these blocks at the rim have me like helicopter ptsd chihuahua meme.",emotional_reaction,
"You can see some people were legit scared by the sheer power and loudness of his dunk at 4:44",emotional_reaction,
"peak",emotional_reaction,
"Really enjoy the block that was also a pass starting a fast break lol",emotional_reaction,
"Tbh i still cant believe that for those early cleveland teams the management was so incapable of bringing any legit second option to that team. I remmeber back then watching and think what the actual fuck is no one trying to somehow bring kevin garnet or like a baron davis to that team. There were a insane amount of really elite players playing for some really bad teams.",structured_analysis,
"Dennis Rodman can handle that?",emotional_reaction,
"Some of the sounds on the rims of those slam dunks. My god. I still can't believe they lost to the Magic in 09. That was our year",emotional_reaction,
"Crazy to see nobody running out to the 3 point line",emotional_reaction,
"Carried his team to the finals for years",hot_take,
"We were truly robbed of an all time dunk contest. Really wish he would've done one",emotional_reaction,
"Man... this was special to watch.",emotional_reaction,
"I'm blessed to have watched LeBron's entire career.",emotional_reaction,
"First stint Cavs Lebron was the best one man wrecking crew the league has seen",hot_take,
"I'm almost grateful for not being able to witness that because it would crush any impression of rookies I have now",emotional_reaction,
"LeBron is the only person I've ever seen and jump over somebody to catch an alley oop",emotional_reaction,
"That send dunk is absolutely insane. Dunkin from that distance through defense and double clutching it is mind-blowing",emotional_reaction,
"Is the block at 0:30 also an assist?",emotional_reaction,
"HOW BOUT THAT FKR A HABIT",emotional_reaction,
"Athletic Specimen is an understatement, there's no way Lebron came out of a womb like the rest of us",emotional_reaction,
"The Hawks dunk in the half court will never be forgotten. That shit was vicious",emotional_reaction,
"Been a pleasure to watch since 2003.",emotional_reaction,
"He was the fastest player in the league at 6'8 250. It was outrageous to watch.",emotional_reaction,
"Took some of this stuff for granted back in the day.",emotional_reaction,
"He made it look like nobody else was trying and he was still a kid.",emotional_reaction,
"Amen Thompson is the only person in the league that kinda moves the same way as cleveland LeBron but still LeBron is a completely different due to his ability to elevate off 1 leg in motion AND both legs from a stand still. His speed doesn't even make sense in some of these.",structured_analysis,
"It's like he's dunking on a fisher price hoop how easily he gets there",emotional_reaction,
"Imagine if Reddit and NBA Twitter were a big thing during his 03-09 years. He'd be an even bigger star honestly.",hot_take,
"This is my fav Bron, no hesitation to score",emotional_reaction,
"I would have loved to see lebron in the dunk contest. I feel like he could have dunked from before the foul line in his prime.",emotional_reaction,
"GOAT",hot_take,
"it was unbelievable how fast he was",emotional_reaction,
"ok, I quit after the second one - just preposterous!",emotional_reaction,
"I remember watching the 2008 playoffs and LeBron had an outrageous breakaway alley oop where the lob was so far out of reach it looked like no chance he could snag it. He was like head height to the rim to reach it, full extension with one arm and finish. Hard to believe that was almost 20 years ago but that's a Bron play that lives rent free in my head.",emotional_reaction,
"If anything this just makes me think about how you used to be able to body someone on a breakaway and it wasn't a foul. My goat. What have they done to the sport I love",emotional_reaction,
"Holy shit the one at 0:42, he just zoomed by him like he wasn't moving.",emotional_reaction,
"Name one who was close while the time he started and till now. GOAT!!!",hot_take,
"The fastest player over 6'6 I've ever seen on the court.",emotional_reaction,
"Wtf dude I dont remember him being so massive. Looks like a center out there",emotional_reaction,
"Hate these sped up videos",emotional_reaction,
"Such a crazy athlete, it's ridiculous they could not put a decent team around him for those first years, he would have had another championship at least.",hot_take,
"You can't tell me this ain't the greatest of all time man.",hot_take,
"Lol this monster used to be more athletic",emotional_reaction,
"My GOAT",emotional_reaction,
"Never gets talked about. You never see this unless it's in dunk contests. LeBron does it in-game with absolute ease.",emotional_reaction,
"man i fucking wish we had someone like young Bron in the league today. miss watching him fly all over the court like this while being a smart enough player to actually take advantage of his gifts to elevate others.",emotional_reaction,
"He's so fucking fast it's scary",emotional_reaction,
"Cleveland squandered these years so badly. Some of the worst roster building I've ever seen.",hot_take,
"Mini MJ",emotional_reaction,
"Before Bron sold out he was actually kinda cool",hot_take,
"What a monster",emotional_reaction,
"2008-2009 season James was the funniest player to watch. Incredible athleticism and the first season he improved his shooting form and started his iconic 30 footer threes. He also felt incredibly confident, shame the team wasn't able to overcome the Magic, he was never the same after that and lost confidence.",structured_analysis,
"That spin at like 20 seconds seems like OG Shaq dominating the spin into dunk",emotional_reaction,
"third one was a missed foul",emotional_reaction,
"He will go down as the perfect combination of power/speed/size/athleticism.",hot_take,
"Lebron James at this point was a video game player, need a thunderous dunk I got u, oh u need me to run down block no problem, and what u have to put into perspective is he was doing this to other top level athletes, video game player",emotional_reaction,
"The distance that ball is coming off the backboard on some of those blocks do you know how fucking hard he's gotta be smacking those shots to do that",emotional_reaction,
"whoever that was at :50, you gotta retire after that. mid game.",emotional_reaction,
"Any time the topic of his legendary athleticism comes up I just show them this 10 second clip. People who never watched him during the first few years really don't understand. It was insane and he never took any nights off, played 48 minutes in games that mattered. Another one that just displays his crazy strength. Look how easily he can toss a ball full court.",emotional_reaction,"Edge case (emotional_reaction vs structured_analysis): cites concrete examples (48-minute games, full-court toss) but the dominant thrust is insistence/awe (""people don't understand, it was insane"") rather than a built-out argument, so emotional_reaction"
"Jesus Christ",emotional_reaction,
"God damn. Literally could not build a perfect player",emotional_reaction,
"This is what Number 1 pick looks like.",emotional_reaction,
"So sick",emotional_reaction,
"Lebron has the best career transition volume all time. His fastbreak is about 1.25 points per possession.",structured_analysis,
"Generational straight line speed and one foot hops",emotional_reaction,
"Just like in NBA Live",emotional_reaction,
"Don't think we'll ever see someone like him again. His size with that speed, explosiveness, agility and court vision is unheard of. The complete combination that is LeBron is one of a kind.",hot_take,
"man the nba looks so much better back then.",hot_take,
"It's insane that he is still playing at a high level",emotional_reaction,
"i dont think ive ever seen a lot of these plays. an amazing mixtape.",emotional_reaction,
"Bigger, stronger, faster, jumps higher than everyone else on the floor.",hot_take,
"I saw a ton of these plays live. Nephews will never know the experience of seeing someone on a fastbreak and just knowing Bron was coming for that shit. No other player created that specific anticipation every game",emotional_reaction,
"I miss headband lebron.",emotional_reaction,
"I remember that sports commentator saying they've never seen LeBron dunk on someone like Kobe or Jordan",emotional_reaction,
"Unc here. It's crazy this needs to be a post. This was just a few years ago right??",emotional_reaction,
"Jaylen Brown Jr.",emotional_reaction,
"Lebron had such a large frame already for a rookie",emotional_reaction,
"We see here: LeBron James, the all-time leading scorer, a pass first player, with his signature move: the chase-down block.",emotional_reaction,
"He makes it look like he's having so much fun being superior to everyone.",emotional_reaction,
"His footspeed is so underrated, he hawks people down like no other",hot_take,
"i love that lebron is the type of player that always try's to make the RIGHT play. i'm from toronto, so i used to root for vince carter and the biggest thing that bothered me was that he was never aggressive. people used to say he was in love with the fadeaway but if he just put his head down and drove to the basket all the time, he'd be unstoppable. that's where i love bron, bron would just take away his weaknesses. it's like watching wemby now, i remember in game 4 close to the end he shot 2x three point shots and missed and i couldn't stop cursing at the tv. but bron? oh he probably would have drove to the basket and put his strength on full display.",structured_analysis,
"The young cant really understand the brutality of aging, but they will.",emotional_reaction,
"The single best open floor/on the break force in NBA history.",hot_take,
"He's good at a lot of things, but he's the best transition player ever. On both sides of the ball. He'd go crazy in the NFL",hot_take,
"When people talk about LeBron not being elite defensively, I realize they've never seen him before his lakers stint.",hot_take,
"LeBlock Party",emotional_reaction,
"This is the highlights that make him the goat",hot_take,
"Most athletic human of all time",hot_take,
"these comps always forget the failed alley oop pass he caught in portland. he had like his nose at rim level. also dunno if i missed it in this vid but where are his poster dunks on KG and Tim Duncan?",emotional_reaction,
"People always talk about LeBron being robbed of DPOY in 2012-13, but he was actually already second in DPOY voting in 2008-09, losing only to Dwight who was undoubtedly one of the great defensive players of the last 25 years or so. It was in Miami when he got big enough to truly guard the 5 and thus become genuinely capable of guarding 1-5 but he was already absurdly versatile in his first Cavs stint and was the best help defender/roamer in the league.",structured_analysis,
"Goddamn",emotional_reaction,
"I followed him every-year on the court. My all-time favorite player..",emotional_reaction,
"Good lord",emotional_reaction,
"The only way to be as good as he is in his 40s is to be so athletic that you can afford to lose multiple steps",structured_analysis,
"This guy made dunking on a 10ft hoop with a full sized basketball against a team of top level defenders seem no different than us dunking our 5ft door-mounted mini hoop in our bedrooms when we wake up.",emotional_reaction,
"It takes a lot for my sports brain to turn into an empathetic parent, thinking, Well now just seems mean - that poor kid was trying his best. This did it. Many times.",emotional_reaction,
"There are fantastic, but what he's doing now at age 41 is just as crazy",emotional_reaction,
"Imagine he had his lefuck you 3 in his bag in 2009",emotional_reaction,
"It's like he's holding the turbo button at all times",emotional_reaction,
"God he would've been the greatest Tight end of all time if he chose to go down that route",hot_take,
"One of my favorite memories was sitting around the family computer with my friends watching NBA and NFL highlights on YouTube. One of my friends was a Celtics fan saying how LeBron wasn't that good and then the very next video we clicked on was like an 8 minute montage of LeBron chase down blocks solely on Rondo and we all were just howling laughing at the odds.",emotional_reaction,
"I totally forgot about that lebron block on jason richardson's 360 dunk attempt. That was the funniest shit to me for days at that time",emotional_reaction,
"Probably the most athletic player to play in the NBA",hot_take,
"What I would give to see current Bron's mind to this young freak athlete's body.",emotional_reaction,
"the block on J-Rich trying to do a 360 is so funny",emotional_reaction,
"This was the most entertaining/aesthetically pleasing version of lebron.",emotional_reaction,
"Remember, he's doing this as an 18 year old!!!",emotional_reaction,
"Psssh, I used to pull these moves on my 6ft rim back in middle school",emotional_reaction,
"What was thet flopperoo at 2:30...",emotional_reaction,
"Bro had like 3/4 careers. Those first couple of years in CLE he was out to prove something. Played through contact and was destroying the rim. Then he started flopping. Great post. Kind of forgot about Bron beast mode. Dudes would just bounce off him once he got going.",emotional_reaction,
